,stock_ticker,subreddit,id,title,url,upvotes,comments,author,created_time
0,AAPL,stocks,11tm5qq,"r/Stocks Daily Discussion & Fundamentals Friday Mar 17, 2023",https://www.reddit.com/r/stocks/comments/11tm5qq/rstocks_daily_discussion_fundamentals_friday_mar/,44,534,AutoModerator,1679045411.0
1,AAPL,stocks,11o76ht,What stocks are you eyeing if the market goes down more?,https://www.reddit.com/r/stocks/comments/11o76ht/what_stocks_are_you_eyeing_if_the_market_goes/,127,279,Zabazooo,1678498357.0
2,AAPL,stocks,11t3eke,"safe haven The stock market is red-eyed. At present, it is not only bank stocks but also energy stocks that are killing.",https://www.reddit.com/r/stocks/comments/11t3eke/safe_haven_the_stock_market_is_redeyed_at_present/,6,11,ContentFinding58,1678994121.0
3,AAPL,stocks,11qdthr,Keep portfolio / Sell portfolio and put all into Term Deposits. What would you do?,https://www.reddit.com/r/stocks/comments/11qdthr/keep_portfolio_sell_portfolio_and_put_all_into/,5,6,Drragos,1678723799.0
4,AAPL,wallstreetbets,11o5jer,How major US banks could be at risk of sweeping defaults,https://www.reddit.com/r/wallstreetbets/comments/11o5jer/how_major_us_banks_could_be_at_risk_of_sweeping/,75,73,zulufux999,1678493875.0
5,AAPL,wallstreetbets,11td8p7,ðŸš€ $GOOGL: YOLOing on AI Beasts - BARD & OpenAI's Ancestor ðŸ¤¯ DD Inside ðŸ“š,https://www.reddit.com/r/wallstreetbets/comments/11td8p7/googl_yoloing_on_ai_beasts_bard_openais_ancestor/,6,11,browndroid,1679016634.0
6,AAPL,wallstreetbets,11rd2i1,"Top changes to open interest calls and puts (Tuesday, Mar. 14)",https://www.reddit.com/r/wallstreetbets/comments/11rd2i1/top_changes_to_open_interest_calls_and_puts/,7,7,628rand,1678816095.0
7,AAPL,wallstreetbets,11s9rhp,"Top changes to open interest calls and puts ((Wednesday, Mar. 15)",https://www.reddit.com/r/wallstreetbets/comments/11s9rhp/top_changes_to_open_interest_calls_and_puts/,6,4,628rand,1678915442.0
8,AAPL,wallstreetbets,11t61ji,"Top changes to open interest calls and puts (Thursday, Mar. 16)",https://www.reddit.com/r/wallstreetbets/comments/11t61ji/top_changes_to_open_interest_calls_and_puts/,5,2,628rand,1679000236.0
9,AAPL,wallstreetbets,11qnf11,Stock Market today 3/13/23,https://i.redd.it/mnyqkk45fmna1.jpg,48,15,cachurch2,1678745121.0
10,AAPL,wallstreetbets,11ucrdh,Guess where i discovered options!,https://www.reddit.com/gallery/11ucrdh,55,31,jakemugs,1679108924.0
11,AAPL,stockmarket,11r6v2m,The Market right now,https://i.redd.it/rd1gz6kwnpna1.png,446,80,predictany007,1678802398.0
12,AAPL,stockmarket,11tncer,"Stock Market Today (as of Mar 17, 2023)",https://www.reddit.com/r/StockMarket/comments/11tncer/stock_market_today_as_of_mar_17_2023/,2,3,Elon__Ge,1679049235.0
13,AAPL,stockmarket,11po2y3,"If You'd Put $1,000 Into Apple Stock 20 Years Ago, Here's What You'd Have Today",https://www.reddit.com/r/StockMarket/comments/11po2y3/if_youd_put_1000_into_apple_stock_20_years_ago/,0,4,sheckyjones,1678650986.0
14,AAPL,stockmarket,11t7ype,"Incognito QE and Quad witching dayâ€¦ 3-16-23 SPY/ ES Futures, VIX, DXY and 10YR Yield Daily Market Analysis",https://www.reddit.com/r/StockMarket/comments/11t7ype/incognito_qe_and_quad_witching_day_31623_spy_es/,11,7,DaddyDersch,1679004709.0
15,AAPL,stockmarket,11rdk1n,"Top changes to open interest calls and puts (Tuesday, Mar. 14)",https://www.reddit.com/r/StockMarket/comments/11rdk1n/top_changes_to_open_interest_calls_and_puts/,1,0,628rand,1678817146.0
16,AAPL,stockmarket,11ssy54,(3/16) Thursday's Pre-Market Stock Movers & News,https://www.reddit.com/r/StockMarket/comments/11ssy54/316_thursdays_premarket_stock_movers_news/,0,1,bigbear0083,1678970228.0
17,AAPL,stockmarket,11qehpw,Keep portfolio / Sell portfolio and put all into Term Deposits. What would you do?,https://www.reddit.com/r/StockMarket/comments/11qehpw/keep_portfolio_sell_portfolio_and_put_all_into/,1,1,Drragos,1678725365.0
18,AAPL,stockmarket,11r43i5,"Stock Market Today (as of Mar 14, 2023)",https://www.reddit.com/r/StockMarket/comments/11r43i5/stock_market_today_as_of_mar_14_2023/,1,0,Elon__Ge,1678794827.0
19,AAPL,stockmarket,11ubmi4,Rate my portfolio; next 10 years,https://i.redd.it/mvpvwdg47goa1.jpg,0,10,Lower_Comfortable_33,1679105631.0
20,AAPL,stockmarket,11r41pd,Will bank okay?,https://i.redd.it/nrcit82hiqna1.jpg,3,10,Certain-Display9058,1678794674.0
21,AAPL,stockmarket,11q8q3s,Banks Tank the Market,https://www.reddit.com/r/StockMarket/comments/11q8q3s/banks_tank_the_market/,10,0,LouDogg00,1678711552.0
22,AAPL,options,11rd4df,"Top changes to open interest calls and puts (Tuesday, Mar. 14)",https://www.reddit.com/r/options/comments/11rd4df/top_changes_to_open_interest_calls_and_puts/,5,2,628rand,1678816208.0
23,AAPL,options,11s9shp,"Top changes to open interest calls and puts ((Wednesday, Mar. 15)",https://www.reddit.com/r/options/comments/11s9shp/top_changes_to_open_interest_calls_and_puts/,6,1,628rand,1678915501.0
24,AAPL,options,11t629b,"Top changes to open interest calls and puts (Thursday, Mar. 16)",https://www.reddit.com/r/options/comments/11t629b/top_changes_to_open_interest_calls_and_puts/,3,2,628rand,1679000282.0
25,AAPL,options,11s7qd6,Inflation of Options Prices?,https://www.reddit.com/r/options/comments/11s7qd6/inflation_of_options_prices/,0,5,bfridthekid,1678911010.0
